arduinoID,timestamp,humidity,temperature,brightness

61,20/03/2023 12:04:50,0,0,0

61,20/03/2023 12:04:51,0,0,688

61,20/03/2023 12:04:52,0,0,686

61,20/03/2023 12:04:53,63.0,19.5,687

61,20/03/2023 12:04:55,63.0,19.5,686

61,20/03/2023 12:04:56,56.0,20.1,686

61,20/03/2023 12:04:57,56.0,20.1,687

61,20/03/2023 12:04:58,55.0,20.1,682

61,20/03/2023 12:04:59,55.0,20.1,687

61,20/03/2023 12:05:00,55.0,20.1,687

61,20/03/2023 12:05:01,55.0,20.1,687

61,20/03/2023 12:05:02,54.0,20.1,686

61,20/03/2023 12:05:03,54.0,20.1,686

61,20/03/2023 12:05:04,54.0,20.1,686

61,20/03/2023 12:05:05,54.0,20.1,685

61,20/03/2023 12:05:06,54.0,20.1,690

61,20/03/2023 12:05:07,53.0,20.1,684

61,20/03/2023 12:05:08,53.0,20.1,680

61,20/03/2023 12:05:09,53.0,20.1,686

61,20/03/2023 12:05:10,53.0,20.1,684

61,20/03/2023 12:05:11,52.0,20.1,686

61,20/03/2023 12:05:12,52.0,20.1,683

61,20/03/2023 12:05:13,51.0,20.1,685

61,20/03/2023 12:05:14,51.0,20.1,684

61,20/03/2023 12:05:15,51.0,20.2,685

61,20/03/2023 12:05:16,51.0,20.2,685

61,20/03/2023 12:05:17,51.0,20.2,686

61,20/03/2023 12:05:18,51.0,20.2,685

61,20/03/2023 12:05:19,51.0,20.2,684

61,20/03/2023 12:05:20,50.0,20.2,685

61,20/03/2023 12:05:21,50.0,20.2,684

61,20/03/2023 12:05:22,50.0,20.2,686

61,20/03/2023 12:05:23,50.0,20.2,685

61,20/03/2023 12:05:24,49.0,20.2,684

61,20/03/2023 12:05:25,49.0,20.2,684

61,20/03/2023 12:05:26,49.0,20.29,689

61,20/03/2023 12:05:27,49.0,20.29,685

61,20/03/2023 12:05:28,49.0,20.29,685

61,20/03/2023 12:05:29,49.0,20.29,683

61,20/03/2023 12:05:30,49.0,20.29,685

61,20/03/2023 12:05:31,49.0,20.29,685

arduinoID,timestamp,humidity,temperature,brightness

64,20/03/2023 12:09:40,0,0,0

64,20/03/2023 12:09:41,0,0,681

64,20/03/2023 12:09:42,0,0,682

64,20/03/2023 12:09:43,37.0,23.39,682

64,20/03/2023 12:09:44,37.0,23.39,681

64,20/03/2023 12:09:45,36.0,23.6,681

64,20/03/2023 12:09:46,36.0,23.6,681

64,20/03/2023 12:09:47,36.0,23.7,683

64,20/03/2023 12:09:48,36.0,23.7,681

64,20/03/2023 12:09:49,36.0,23.7,681

64,20/03/2023 12:09:50,36.0,23.7,682

64,20/03/2023 12:09:51,35.0,23.7,682

64,20/03/2023 12:09:52,35.0,23.7,680

64,20/03/2023 12:09:53,35.0,23.7,682

64,20/03/2023 12:09:54,35.0,23.7,682

64,20/03/2023 12:09:55,35.0,23.7,680

64,20/03/2023 12:09:56,35.0,23.7,685

64,20/03/2023 12:09:58,35.0,23.7,681

64,20/03/2023 12:09:59,35.0,23.7,682

64,20/03/2023 12:10:00,35.0,23.7,681

64,20/03/2023 12:10:01,35.0,23.7,682

64,20/03/2023 12:10:02,35.0,23.7,682

64,20/03/2023 12:10:03,35.0,23.7,682

64,20/03/2023 12:10:04,35.0,23.7,681

64,20/03/2023 12:10:05,35.0,23.7,682

64,20/03/2023 12:10:06,35.0,23.7,681

64,20/03/2023 12:10:07,35.0,23.7,680

64,20/03/2023 12:10:08,35.0,23.7,681

64,20/03/2023 12:10:09,35.0,23.7,681

64,20/03/2023 12:10:10,35.0,23.7,685

64,20/03/2023 12:10:11,35.0,23.7,682

64,20/03/2023 12:10:12,35.0,23.7,681

64,20/03/2023 12:10:13,35.0,23.7,680

64,20/03/2023 12:10:14,35.0,23.79,681

64,20/03/2023 12:10:15,35.0,23.79,681

64,20/03/2023 12:10:16,35.0,23.79,682

64,20/03/2023 12:10:17,35.0,23.79,682

64,20/03/2023 12:10:18,35.0,23.79,681

64,20/03/2023 12:10:19,34.0,23.79,680

64,20/03/2023 12:10:20,34.0,23.79,677

64,20/03/2023 12:10:21,34.0,23.79,677

arduinoID,timestamp,humidity,temperature,brightness

95,21/03/2023 09:35:29,0,0,0

95,21/03/2023 09:35:30,0,0,597

95,21/03/2023 09:35:32,0,0,576

95,21/03/2023 09:35:33,67.0,18.79,579

95,21/03/2023 09:35:34,67.0,18.79,576

95,21/03/2023 09:35:35,32.0,26.39,574

95,21/03/2023 09:35:36,32.0,26.39,572

95,21/03/2023 09:35:37,33.0,26.39,572

95,21/03/2023 09:35:38,33.0,26.39,573

95,21/03/2023 09:35:39,34.0,26.39,574

95,21/03/2023 09:35:40,34.0,26.39,574

95,21/03/2023 09:35:41,34.0,26.29,573

95,21/03/2023 09:35:42,34.0,26.29,572

95,21/03/2023 09:35:43,34.0,26.29,570

95,21/03/2023 09:35:44,34.0,26.29,573

95,21/03/2023 09:35:45,34.0,26.29,578

95,21/03/2023 09:35:46,33.0,26.2,584

95,21/03/2023 09:35:47,33.0,26.2,584

95,21/03/2023 09:35:48,33.0,26.2,583

95,21/03/2023 09:35:49,33.0,26.2,585

95,21/03/2023 09:35:50,33.0,26.2,571

